sha256,path,size_bytes
fd4cbd8fab3d7168abeebcf3cfb083112f3666799b268ae970c346179e269270,.env.example,308
d0998ecbf2194dc9bca89b3ba476f44757801569675e14ea53e98c93b02a4bbe,.gitignore,1517
23161e6644ec30b00297fcfd424160a341d65f0c9803df4c104bc16b0585fc1e,README.md,4325
db5fc704efa3c3e6f812b3f9a02e0378e26c35276ea95ef7b02eeda8b1ae146d,adaptive/cleaned/imdb_data.csv,201438
7dc52f16b09bed219cc903bc6e9879275273b0e0bdbebe7f5cbc95efec389ab3,adaptive/cleaned/metacritic_movies.csv,554805
a85672fcaf04947327464b105bc7d9e967e0a79ff4e7030756ff18505409c988,adaptive/cleaned/movielens_aggregated.csv,545104
9898c40abc0aedb70316bd6175d063e4f48d92a985a889b3373249fe52c96027,adaptive/cleaned/rotten_tomatoes_movies.csv,1226240
c8fe455aa59de91b9cf6c176acb46851adf26c60bc8aa94279e14941f8328b2f,adaptive/data/invalide/imdb_data_invalid.csv,1689
ce0cd7b379805877fea2314e408ef0114a919f743081e20b9f5470e2962454df,adaptive/data/invalide/metacritic_movies_invalid.csv,351
0dc3996234bbf4a87136aea552c9cdb48adeabdcc8d1be1a909cc851237238a9,adaptive/data/invalide/movielens_aggregated_invalid.csv,2966
a910cd19847cb0b93d0a11abf00e5c88d491244b6e00204ad94bd66d47ddd3ed,adaptive/data/invalide/rotten_tomatoes_movies_invalid.csv,153113
757dbc4d7f04e41fd23d527fe12c46bca58ac4b0f72ea96499ee1dfa85dbdfce,adaptive/data/raw/imdb_data.csv,447113
370f6fee47aac2e1174cb266df10e698e92ec3a8cc96c39629e12e8327ae5631,adaptive/data/raw/metacritic_movies.csv,635578
7a4ae215d17571f69b3541043c09e0a8825f586e16c4e406ca1aa8d6c98dc732,adaptive/data/raw/movielens_aggregated.csv,544600
c21dbd4849691e9b938a1bba362e374bb1aa82d5178ce7b8e06a17c14c3e9251,adaptive/data/raw/rotten_tomatoes_movies.csv,17115750
5fe730a87d0cf5f82339ff5faea72e747beb5329ff9a245428229add863ab9ca,adaptive/dynamic_main.ipynb,41733
4340cd62a92bd20ccb5aea1287258809dee3180c499ec8dff8829f2e927391ca,adaptive/run_artifacts/imdb_data/transform_code.py,3004
8a3341ac6be9ca485facdaee2ca9970a576b158248d8b41e4be72edfafb00496,adaptive/run_artifacts/imdb_data/transform_prompt.txt,4093
5fb664dd1d919e965c83cffb98bb0a5c6746715e321cf298e289a0a11a95b96d,adaptive/run_artifacts/imdb_data/validator_code.py,1909
ef7599df52b5847fc7e264f264b174905651d36fdbb59c1fec0a0bb2d68c0c7f,adaptive/run_artifacts/imdb_data/validator_prompt.txt,1127
e79eab2daed87fc8654fda6f457f8b1b132f44abe43e979d260d4d8bc7ceaca7,adaptive/run_artifacts/imdb_data_20250829_103722/completeness.txt,140
adcca95b6dbe8ac4125f5f058a4b3bbf505aaed00c4aa0a7a28b6e3ef1e77965,adaptive/run_artifacts/imdb_data_20250829_103722/manifest.json,917
650bb8aac8d7eb9292ed52d9e6ee74963c85d35aba639e1712e1ab2204faf9ff,adaptive/run_artifacts/imdb_data_20250829_103722/run.log,379
e79fbd47144a10bdd4008e1476c10f7314d722c6fd08b038f057d0039273958b,adaptive/run_artifacts/imdb_data_20250829_103722/transform_code_e79fbd47144a.py,2998
91e5aff9cbe295e258bde49a6923ea3718c8a3706fef2d1948e3f76c136c0f85,adaptive/run_artifacts/imdb_data_20250829_103722/transform_prompt.txt,4061
5c7c03a011b57c67069acf5e4e77fe5122b7ba072587f8830a2df0e712643a45,adaptive/run_artifacts/imdb_data_20250829_103722/validator_code_5c7c03a011b5.py,1833
ef7599df52b5847fc7e264f264b174905651d36fdbb59c1fec0a0bb2d68c0c7f,adaptive/run_artifacts/imdb_data_20250829_103722/validator_prompt.txt,1127
e79eab2daed87fc8654fda6f457f8b1b132f44abe43e979d260d4d8bc7ceaca7,adaptive/run_artifacts/imdb_data_20250831_173442/completeness.txt,140
bbc4c375049975d9e6eb84197816031b60b8543e77ad1d8c9d49363187299b3c,adaptive/run_artifacts/imdb_data_20250831_173442/manifest.json,1133
60ed251e410964cee02e4ca43131b0d171f49b4a7e659b88797b3a731763245a,adaptive/run_artifacts/imdb_data_20250831_173442/run.log,487
4340cd62a92bd20ccb5aea1287258809dee3180c499ec8dff8829f2e927391ca,adaptive/run_artifacts/imdb_data_20250831_173442/transform_code_4340cd62a92b.py,3004
8a3341ac6be9ca485facdaee2ca9970a576b158248d8b41e4be72edfafb00496,adaptive/run_artifacts/imdb_data_20250831_173442/transform_prompt.txt,4093
5fb664dd1d919e965c83cffb98bb0a5c6746715e321cf298e289a0a11a95b96d,adaptive/run_artifacts/imdb_data_20250831_173442/validator_code_5fb664dd1d91.py,1909
ef7599df52b5847fc7e264f264b174905651d36fdbb59c1fec0a0bb2d68c0c7f,adaptive/run_artifacts/imdb_data_20250831_173442/validator_prompt.txt,1127
9e361421c4673b3c5504484682068a47240aa9f70ec6140ae9e010c2be849615,adaptive/run_artifacts/metacritic_movies/transform_code.py,2761
253647a5eb4ee6e0ab058a7fdce3b72a2a6070f84c9b4d58b280d5aa19a35cd3,adaptive/run_artifacts/metacritic_movies/transform_code_retry.py,3234
a13bf5b942aa1c9418049f860a2f896841ca78cd3d4b3cc063d98179a7b77ba6,adaptive/run_artifacts/metacritic_movies/transform_prompt.txt,4134
6a961913710c677cbb9fc430b1b1f638fe5d8996eb1f2630c6fd1fba8ef3e9a9,adaptive/run_artifacts/metacritic_movies/transform_prompt_retry.txt,5097
1d427847e130715c9c3a99ba4ca78b5c8472431128c65b1b21ad6756c2e4f868,adaptive/run_artifacts/metacritic_movies/validator_code.py,1964
ef7599df52b5847fc7e264f264b174905651d36fdbb59c1fec0a0bb2d68c0c7f,adaptive/run_artifacts/metacritic_movies/validator_prompt.txt,1127
02d50f5ed97f11e5a1479db8b4eb8ac9bf21e4c4fda0d60af52b06d0432816c8,adaptive/run_artifacts/metacritic_movies_20250829_104211/completeness.txt,140
55a85bcdacdce0e2f22324fae0cb37303938cdd32ce41d29c0e96a16760c1b6e,adaptive/run_artifacts/metacritic_movies_20250829_104211/manifest.json,965
1486a3a864715b3776a4d3f759bb8fb2917ab1f5db3e12f889650e45f9f179b5,adaptive/run_artifacts/metacritic_movies_20250829_104211/run.log,403
6dd798b98ad3eafa271c144dc31bdb464879e8b8625ed635061cf52260e6bc02,adaptive/run_artifacts/metacritic_movies_20250829_104211/transform_code_6dd798b98ad3.py,3178
a13bf5b942aa1c9418049f860a2f896841ca78cd3d4b3cc063d98179a7b77ba6,adaptive/run_artifacts/metacritic_movies_20250829_104211/transform_prompt.txt,4134
1c9d5f4c6c1b65f4ea3386077aa7066371c94e90486da8571d5843b3425411e5,adaptive/run_artifacts/metacritic_movies_20250829_104211/validator_code_1c9d5f4c6c1b.py,1767
ef7599df52b5847fc7e264f264b174905651d36fdbb59c1fec0a0bb2d68c0c7f,adaptive/run_artifacts/metacritic_movies_20250829_104211/validator_prompt.txt,1127
02d50f5ed97f11e5a1479db8b4eb8ac9bf21e4c4fda0d60af52b06d0432816c8,adaptive/run_artifacts/metacritic_movies_20250831_173544/completeness.txt,140
e7a3b2904d87fe4156ec06364683869a3361bbff368b808ea696c8d0245902e7,adaptive/run_artifacts/metacritic_movies_20250831_173544/manifest.json,1493
adea90dad35e9ac52176be6d4e8db4dd15d0cb705b225bf67c32e5e6caf6ac2a,adaptive/run_artifacts/metacritic_movies_20250831_173544/run.log,1032
9e361421c4673b3c5504484682068a47240aa9f70ec6140ae9e010c2be849615,adaptive/run_artifacts/metacritic_movies_20250831_173544/transform_code_9e361421c467.py,2761
253647a5eb4ee6e0ab058a7fdce3b72a2a6070f84c9b4d58b280d5aa19a35cd3,adaptive/run_artifacts/metacritic_movies_20250831_173544/transform_code_retry_253647a5eb4e.py,3234
a13bf5b942aa1c9418049f860a2f896841ca78cd3d4b3cc063d98179a7b77ba6,adaptive/run_artifacts/metacritic_movies_20250831_173544/transform_prompt.txt,4134
6a961913710c677cbb9fc430b1b1f638fe5d8996eb1f2630c6fd1fba8ef3e9a9,adaptive/run_artifacts/metacritic_movies_20250831_173544/transform_prompt_retry.txt,5097
1d427847e130715c9c3a99ba4ca78b5c8472431128c65b1b21ad6756c2e4f868,adaptive/run_artifacts/metacritic_movies_20250831_173544/validator_code_1d427847e130.py,1964
ef7599df52b5847fc7e264f264b174905651d36fdbb59c1fec0a0bb2d68c0c7f,adaptive/run_artifacts/metacritic_movies_20250831_173544/validator_prompt.txt,1127
5a71e3f6860043f79a85b60b8361727ed4d6da69fc41d86c4cdee925085c82e5,adaptive/run_artifacts/movielens_aggregated/transform_code.py,2504
9f744f36b37767e741946b7d42e125096bee342e26ae906dd114a2a619dd5129,adaptive/run_artifacts/movielens_aggregated/transform_prompt.txt,3314
14db2f8e7db9af3816eb5023a3652cb96cc819f0481ad9654d8394d25e0bf06a,adaptive/run_artifacts/movielens_aggregated/validator_code.py,2174
ef7599df52b5847fc7e264f264b174905651d36fdbb59c1fec0a0bb2d68c0c7f,adaptive/run_artifacts/movielens_aggregated/validator_prompt.txt,1127
e1d875c054ad00cdb8a3bba10c5b0b3247bcbcd16f2397c09e1d8934f9e74786,adaptive/run_artifacts/movielens_aggregated_20250829_104624/completeness.txt,141
b0699f55a057837bedf815137039770048895c4d6a43b170b2ac5c6b127ed36d,adaptive/run_artifacts/movielens_aggregated_20250829_104624/manifest.json,984
16bb3bbc926fdbb362664375ba4f14e1dcb8ec4c717b790d5cc51a438069cb9e,adaptive/run_artifacts/movielens_aggregated_20250829_104624/run.log,413
03d838269f4a5bb8e43000cbae755e1c31ae41a0cd50914041d97c4fd42e4191,adaptive/run_artifacts/movielens_aggregated_20250829_104624/transform_code_03d838269f4a.py,2994
9f744f36b37767e741946b7d42e125096bee342e26ae906dd114a2a619dd5129,adaptive/run_artifacts/movielens_aggregated_20250829_104624/transform_prompt.txt,3314
b1dd8ee0ef68720152fbe87052fe6136d5d05526507f6838db01b08030f7d5d6,adaptive/run_artifacts/movielens_aggregated_20250829_104624/validator_code_b1dd8ee0ef68.py,1589
ef7599df52b5847fc7e264f264b174905651d36fdbb59c1fec0a0bb2d68c0c7f,adaptive/run_artifacts/movielens_aggregated_20250829_104624/validator_prompt.txt,1127
e7d4b674a6aa2d8ef3d1fc5310e625d65a13a8015fb8f1a8ec925de1b3612db6,adaptive/run_artifacts/movielens_aggregated_20250831_173725/completeness.txt,143
16982be7708724e1b58123e01096d7c7ee92bce56326cbab1244e88f851746e4,adaptive/run_artifacts/movielens_aggregated_20250831_173725/manifest.json,1202
cb7d2f70dc5663784b00fca55c2f7dfe0a4be2a03a580a78c4466d4a9fdbb541,adaptive/run_artifacts/movielens_aggregated_20250831_173725/run.log,517
35736030c6620d381f4c26f483bfa4d2b45c1fe488c9e0b1e79159b24fb452d0,adaptive/run_artifacts/movielens_aggregated_20250831_173725/transform_code_35736030c662.py,2264
9f744f36b37767e741946b7d42e125096bee342e26ae906dd114a2a619dd5129,adaptive/run_artifacts/movielens_aggregated_20250831_173725/transform_prompt.txt,3314
e3bd57e1c585456395ff71133bbe54a3ba8099c247eaec58697e406638ed42c3,adaptive/run_artifacts/movielens_aggregated_20250831_173725/validator_code_e3bd57e1c585.py,1941
ef7599df52b5847fc7e264f264b174905651d36fdbb59c1fec0a0bb2d68c0c7f,adaptive/run_artifacts/movielens_aggregated_20250831_173725/validator_prompt.txt,1127
e1d875c054ad00cdb8a3bba10c5b0b3247bcbcd16f2397c09e1d8934f9e74786,adaptive/run_artifacts/movielens_aggregated_20250831_173824/completeness.txt,141
92e582df6bca1e200dcd0aaf56aa41b14425551153aa75bf5a725f8c77db9cee,adaptive/run_artifacts/movielens_aggregated_20250831_173824/manifest.json,1200
341b7411dd9aac9664a0db797a82f8192cf7309fdab20d7a8f3f2e7db9aa9fb4,adaptive/run_artifacts/movielens_aggregated_20250831_173824/run.log,521
5a71e3f6860043f79a85b60b8361727ed4d6da69fc41d86c4cdee925085c82e5,adaptive/run_artifacts/movielens_aggregated_20250831_173824/transform_code_5a71e3f68600.py,2504
9f744f36b37767e741946b7d42e125096bee342e26ae906dd114a2a619dd5129,adaptive/run_artifacts/movielens_aggregated_20250831_173824/transform_prompt.txt,3314
14db2f8e7db9af3816eb5023a3652cb96cc819f0481ad9654d8394d25e0bf06a,adaptive/run_artifacts/movielens_aggregated_20250831_173824/validator_code_14db2f8e7db9.py,2174
ef7599df52b5847fc7e264f264b174905651d36fdbb59c1fec0a0bb2d68c0c7f,adaptive/run_artifacts/movielens_aggregated_20250831_173824/validator_prompt.txt,1127
e79eab2daed87fc8654fda6f457f8b1b132f44abe43e979d260d4d8bc7ceaca7,adaptive/run_artifacts/my_new_source_20250829_102535/completeness.txt,140
73f9bfd773c263370b5b4208c6138d9d8c0289397ba5e0aa72596d3474f85116,adaptive/run_artifacts/my_new_source_20250829_102535/manifest.json,1173
eac0881ed419307fdc22e85db79280bb387962055ba93035cce8595e4f20a5eb,adaptive/run_artifacts/my_new_source_20250829_102535/run.log,836
38d39819c83c94db73fa0f3f9fa7ab4c0d65351f57b8e430b3d4c6c1696a0887,adaptive/run_artifacts/my_new_source_20250829_102535/transform_code_38d39819c83c.py,2905
dc1f8807b559a694f6723621f89bf780483fb9842656df86e5e9fc3d8fa5f5c1,adaptive/run_artifacts/my_new_source_20250829_102535/transform_code_retry_dc1f8807b559.py,3387
3dd45539e153e84b58aec2647bfa57812e3e6b7f77e70b6fab4104d87491e838,adaptive/run_artifacts/my_new_source_20250829_102535/transform_prompt.txt,4061
c15f0f9a5567878a75bab84d80987d01fe13fdfd9889541b8b0d3a09400cc4d4,adaptive/run_artifacts/my_new_source_20250829_102535/transform_prompt_retry.txt,4916
f7c22f44bd63f5ad0d3e5723edaedf8ea0c2190af2d389a7d07140956b7f5f02,adaptive/run_artifacts/my_new_source_20250829_102535/validator_code_f7c22f44bd63.py,1889
ef7599df52b5847fc7e264f264b174905651d36fdbb59c1fec0a0bb2d68c0c7f,adaptive/run_artifacts/my_new_source_20250829_102535/validator_prompt.txt,1127
2cfb603a8b4f86cb4877bbbab199105886122d5196f30764fa27d1b300d27157,adaptive/run_artifacts/rotten_tomatoes_movies/transform_code.py,2953
923dfe9a730573dc27b843ee9d8829275aa410a82ee2989bf3aace8c61b48942,adaptive/run_artifacts/rotten_tomatoes_movies/transform_prompt.txt,15591
ffb411b6b2583e00031ab0207a51e607160c6792bf1abd83bfcb460e96e12902,adaptive/run_artifacts/rotten_tomatoes_movies/validator_code.py,1902
ef7599df52b5847fc7e264f264b174905651d36fdbb59c1fec0a0bb2d68c0c7f,adaptive/run_artifacts/rotten_tomatoes_movies/validator_prompt.txt,1127
655c6c0e98ce9ceee3038005ae0b719bbc460236e85e198b8baceaee53d54a56,adaptive/run_artifacts/rotten_tomatoes_movies_20250829_104738/completeness.txt,142
68b58d5f00813b77347355d0a13264bde142b1642783a4696311887d16d470d1,adaptive/run_artifacts/rotten_tomatoes_movies_20250829_104738/manifest.json,997
bd39b03bda5e7c3b722e20a4764bde58e9dd7d2d28d1300aea37adf719ad672d,adaptive/run_artifacts/rotten_tomatoes_movies_20250829_104738/run.log,422
45afcd1f92721e9d1beb2bbe13c348eab575f7f6bdd8d18ca997d2c45ad9b021,adaptive/run_artifacts/rotten_tomatoes_movies_20250829_104738/transform_code_45afcd1f9272.py,2817
923dfe9a730573dc27b843ee9d8829275aa410a82ee2989bf3aace8c61b48942,adaptive/run_artifacts/rotten_tomatoes_movies_20250829_104738/transform_prompt.txt,15591
8ae20077581376e3a78a0b300f3c79b8774fe1b882a575ee3bfa73bf85568f68,adaptive/run_artifacts/rotten_tomatoes_movies_20250829_104738/validator_code_8ae200775813.py,2031
ef7599df52b5847fc7e264f264b174905651d36fdbb59c1fec0a0bb2d68c0c7f,adaptive/run_artifacts/rotten_tomatoes_movies_20250829_104738/validator_prompt.txt,1127
655c6c0e98ce9ceee3038005ae0b719bbc460236e85e198b8baceaee53d54a56,adaptive/run_artifacts/rotten_tomatoes_movies_20250831_170326/completeness.txt,142
a427746931d889c164ec99efec6b35d1a6f3eacd7b0773e50246f136cb4bea5d,adaptive/run_artifacts/rotten_tomatoes_movies_20250831_170326/manifest.json,1213
6a287bccab8df0e3614de8c5a24c15f6e2768c863e511dab77c3889a1a2ab6fd,adaptive/run_artifacts/rotten_tomatoes_movies_20250831_170326/run.log,530
9dadfa24c336c8d74e35530373e12ff06ce35568b2e7cc504fae4ccce9505913,adaptive/run_artifacts/rotten_tomatoes_movies_20250831_170326/transform_code_9dadfa24c336.py,2759
923dfe9a730573dc27b843ee9d8829275aa410a82ee2989bf3aace8c61b48942,adaptive/run_artifacts/rotten_tomatoes_movies_20250831_170326/transform_prompt.txt,15591
c0b69052d45a838b24ca1d49bf2ab3d562ed8eb8260abc22ed404303b1b58e59,adaptive/run_artifacts/rotten_tomatoes_movies_20250831_170326/validator_code_c0b69052d45a.py,2069
ef7599df52b5847fc7e264f264b174905651d36fdbb59c1fec0a0bb2d68c0c7f,adaptive/run_artifacts/rotten_tomatoes_movies_20250831_170326/validator_prompt.txt,1127
655c6c0e98ce9ceee3038005ae0b719bbc460236e85e198b8baceaee53d54a56,adaptive/run_artifacts/rotten_tomatoes_movies_20250831_173347/completeness.txt,142
d357a724a5796be8707edd246db03b69346dac03135ff06bc5402c38b76e02e8,adaptive/run_artifacts/rotten_tomatoes_movies_20250831_173347/manifest.json,1213
ed1b67a28f35ef7530fc4100665f104b43cf3fef0e9ed7002854144a70735f2f,adaptive/run_artifacts/rotten_tomatoes_movies_20250831_173347/run.log,530
2cfb603a8b4f86cb4877bbbab199105886122d5196f30764fa27d1b300d27157,adaptive/run_artifacts/rotten_tomatoes_movies_20250831_173347/transform_code_2cfb603a8b4f.py,2953
923dfe9a730573dc27b843ee9d8829275aa410a82ee2989bf3aace8c61b48942,adaptive/run_artifacts/rotten_tomatoes_movies_20250831_173347/transform_prompt.txt,15591
ffb411b6b2583e00031ab0207a51e607160c6792bf1abd83bfcb460e96e12902,adaptive/run_artifacts/rotten_tomatoes_movies_20250831_173347/validator_code_ffb411b6b258.py,1902
ef7599df52b5847fc7e264f264b174905651d36fdbb59c1fec0a0bb2d68c0c7f,adaptive/run_artifacts/rotten_tomatoes_movies_20250831_173347/validator_prompt.txt,1127
b6a153e51da58de83d0cf9c496067d166c19f360b192f2f381b5fc2399bb2808,adaptive/schema.json,612
44c71d72ec2f5e820aa327acd84569d6130cec615ece50e4d8fb01bc5fc71fba,adaptive/testing/cleaned/rating_meta.json,430
7160393f4ae5a2ec43370d6ac01b80f84357eac6f54755b5d0e795d3f34602bd,docs/Anhang.md,2605
344b9f1e5312b7479c111f4e16ca1c49c02e9c7a44f595ad7fed30d7ad79846b,repro_snapshot_20250829T085941Z/TREE.txt,1253
cccc27a9c554045288a677c46708a790683a557102bf461788f84479dd4ae4c9,repro_snapshot_20250829T085941Z/checksums.csv,5019
f49c42a6abfefad4859e6bb9ebf22dc63bfc6fcc111a9861fd0e6b3975a3b6cc,repro_snapshot_20250830T234105Z/TREE.txt,3092
5d19a2661edc735af2c2ac9420d349b3bc4976c14e9bea5480c8c631d2190704,repro_snapshot_20250830T234105Z/checksums.csv,54233
a88114a576ecaeaec9d7a0c11064fadd7f880b1b9a86eaca0779ecf3c2ccff4f,requirements.txt,236
eeda16f19541db856a411f2a99673c1c133ec79b6db08d4e5c8b88ca46331b9c,static_pipeline/README.md,5945
e3b0c44298fc1c149afbf4c8996fb92427ae41e4649b934ca495991b7852b855,static_pipeline/adapters/adapters/__init__.py,0
5574dd7d1820c497f535bec9fddcbbb89766f2bdc34b4ed591463a46354dbe9b,static_pipeline/adapters/adapters/base_adapter.py,858
2992088fa83d2fdabcb0ccc7d17a5e3706995b8d9fbaf5e31b7c07796c98cd39,static_pipeline/adapters/adapters/imdb_adapter.py,6465
8a1c962841e37e6c2752de57388d415afbda22fe09368ae77ff611c9202b5f54,static_pipeline/adapters/adapters/metacritic_adapter.py,5568
01d0fe7cad10b3bc47cdb5ee962c6ef71183905e2667549d4f033fab7911e929,static_pipeline/adapters/adapters/movielens_adapter.py,7876
6e8dca969668effc63a8c9464ebf93dd9c3d253c6dbe0d15a604c8b21576d455,static_pipeline/adapters/adapters/rottentomatoes_adapter.py,5733
6d9f9b67eda321d2ff8dbbb484ef76df783acd553f37cddab70f5a2667caeb54,static_pipeline/config.yaml,1181
1d5e68decac25662ccb4762f87f4e0fe4eb777757a117e44839bb2c8424d2236,static_pipeline/data/processed/all_movies_wide_unfiltered.csv,2261611
e513d136450c4e49adae3ef4e05a0d3c62cea449c30e5146798d8bf852e4034c,static_pipeline/data/processed/final_filtered_superscore.csv,1127425
5b2ba78f2101c14e300bd95f052e2aa9405c79dcef04d962fb0c16f8d66f9c75,static_pipeline/data/processed/test_merge_result.csv,847384
757dbc4d7f04e41fd23d527fe12c46bca58ac4b0f72ea96499ee1dfa85dbdfce,static_pipeline/data/raw/imdb_data.csv,447113
370f6fee47aac2e1174cb266df10e698e92ec3a8cc96c39629e12e8327ae5631,static_pipeline/data/raw/metacritic_movies.csv,635578
007a26ee78560cb302cb648d5e553cd87adad10bff7c9e5908f5733f97d7e081,static_pipeline/data/raw/metacritic_movies_duplicates.csv,363
7a4ae215d17571f69b3541043c09e0a8825f586e16c4e406ca1aa8d6c98dc732,static_pipeline/data/raw/movielens_aggregated.csv,544600
5a5f32dd9bb3797b8e728a1b98958789d2b13f294a69fdfbc5727f8a9611aa07,static_pipeline/data/raw/movies.csv,494431
aa289ca83157595d0df6aea1be6a4ded676ddc4385472e8313a8ed9805352646,static_pipeline/data/raw/ratings.csv,2483723
c21dbd4849691e9b938a1bba362e374bb1aa82d5178ce7b8e06a17c14c3e9251,static_pipeline/data/raw/rotten_tomatoes_movies.csv,17115750
733932dcdd3e8c3118dcdd2ca1fbba052e5ae68c5e6f63b037f7059bd8bdfd9d,static_pipeline/loaders/csv_loader.py,264
8dc25bcdd0c573baa84246778786e730d3a5d80ff5f532d952f7f651ec1c2be8,static_pipeline/main_pipeline.py,25646
72ff8da13f9af630e3e6335706d8add40b191bda1831742ccd438d28ff62abd5,static_pipeline/run_comprehensive_analysis.py,30983
d59af39f5c57fb81470310fa2956b8a4a306212be034632b475f0c6cae185bf8,static_pipeline/transform/merge.py,9011
f90d74030ac4ddb0ca5722ac8558506c1217c0e8185a0a1138b5c3ca7ab36ccb,static_pipeline/transform/normalize.py,788
a2c5d8f5b8eada0d23f1804533e06bcc5c547116f243795cdb5eceff2a42e51a,static_pipeline/transform/normalize_ratings.py,7009
9958997b692e27ea74f6093b475dc1024b7aea82c1b06cb982e495eae4bfc3ab,static_pipeline/transform/outlier_treatment.py,3778
6c3443d80e7765ad59c3194c31a3cdd9ac0c35331938398e6981a493ab316fa6,static_pipeline/utils/basic_validator.py,7235
33920baa608d5453dc06c969c9ae061037d3a056ac5c74acac94cc3112dc7699,static_pipeline/utils/save_aux_csv.py,1103
